{
  "music_file": "Aria Math.mp3",
  "music_volume": 0.05000000000000002,
  "sfx_volume": 0.1499999999999997
}