{
  "music_file": "The Godfather - Theme Extended.mp3",
  "music_volume": 0.14375000000000004,
  "sfx_volume": 0.1499999999999997
}