{
  "music_file": "Aria Math.mp3",
  "music_volume": 0.9181286096572876,
  "sfx_volume": 0.15000000596046448
}