{
  "music_file": "test.mp3",
  "music_volume": 0.19218749999999968,
  "sfx_volume": 0.19999999999999968
}