{
  "music_file": "Aria Math.mp3",
  "music_volume": 0.4499999999999996,
  "sfx_volume": 0.1499999999999997
}